{
  "cell_0_0": {
    "row": 0,
    "col": 0,
    "x": 100.0,
    "y": 150.0,
    "width": 250.5,
    "height": 100.4,
    "center_x": 225.25,
    "center_y": 200.2
  },
  "cell_0_1": {
    "row": 0,
    "col": 1,
    "x": 350.5,
    "y": 150.0,
    "width": 250.5,
    "height": 100.4,
    "center_x": 475.75,
    "center_y": 200.2
  },
  "cell_0_2": {
    "row": 0,
    "col": 2,
    "x": 601.0,
    "y": 150.0,
    "width": 250.5,
    "height": 100.4,
    "center_x": 726.25,
    "center_y": 200.2
  },
  "cell_0_3": {
    "row": 0,
    "col": 3,
    "x": 851.5,
    "y": 150.0,
    "width": 250.5,
    "height": 100.4,
    "center_x": 976.75,
    "center_y": 200.2
  },
  "cell_1_0": {
    "row": 1,
    "col": 0,
    "x": 100.0,
    "y": 250.4,
    "width": 250.5,
    "height": 100.4,
    "center_x": 225.25,
    "center_y": 300.6
  },
  "cell_1_1": {
    "row": 1,
    "col": 1,
    "x": 350.5,
    "y": 250.4,
    "width": 250.5,
    "height": 100.4,
    "center_x": 475.75,
    "center_y": 300.6
  },
  "cell_1_2": {
    "row": 1,
    "col": 2,
    "x": 601.0,
    "y": 250.4,
    "width": 250.5,
    "height": 100.4,
    "center_x": 726.25,
    "center_y": 300.6
  },
  "cell_1_3": {
    "row": 1,
    "col": 3,
    "x": 851.5,
    "y": 250.4,
    "width": 250.5,
    "height": 100.4,
    "center_x": 976.75,
    "center_y": 300.6
  },
  "cell_2_0": {
    "row": 2,
    "col": 0,
    "x": 100.0,
    "y": 350.8,
    "width": 250.5,
    "height": 100.4,
    "center_x": 225.25,
    "center_y": 401.0
  },
  "cell_2_1": {
    "row": 2,
    "col": 1,
    "x": 350.5,
    "y": 350.8,
    "width": 250.5,
    "height": 100.4,
    "center_x": 475.75,
    "center_y": 401.0
  },
  "cell_2_2": {
    "row": 2,
    "col": 2,
    "x": 601.0,
    "y": 350.8,
    "width": 250.5,
    "height": 100.4,
    "center_x": 726.25,
    "center_y": 401.0
  },
  "cell_2_3": {
    "row": 2,
    "col": 3,
    "x": 851.5,
    "y": 350.8,
    "width": 250.5,
    "height": 100.4,
    "center_x": 976.75,
    "center_y": 401.0
  },
  "cell_3_0": {
    "row": 3,
    "col": 0,
    "x": 100.0,
    "y": 451.20000000000005,
    "width": 250.5,
    "height": 100.4,
    "center_x": 225.25,
    "center_y": 501.40000000000003
  },
  "cell_3_1": {
    "row": 3,
    "col": 1,
    "x": 350.5,
    "y": 451.20000000000005,
    "width": 250.5,
    "height": 100.4,
    "center_x": 475.75,
    "center_y": 501.40000000000003
  },
  "cell_3_2": {
    "row": 3,
    "col": 2,
    "x": 601.0,
    "y": 451.20000000000005,
    "width": 250.5,
    "height": 100.4,
    "center_x": 726.25,
    "center_y": 501.40000000000003
  },
  "cell_3_3": {
    "row": 3,
    "col": 3,
    "x": 851.5,
    "y": 451.20000000000005,
    "width": 250.5,
    "height": 100.4,
    "center_x": 976.75,
    "center_y": 501.40000000000003
  },
  "cell_4_0": {
    "row": 4,
    "col": 0,
    "x": 100.0,
    "y": 551.6,
    "width": 250.5,
    "height": 100.4,
    "center_x": 225.25,
    "center_y": 601.8000000000001
  },
  "cell_4_1": {
    "row": 4,
    "col": 1,
    "x": 350.5,
    "y": 551.6,
    "width": 250.5,
    "height": 100.4,
    "center_x": 475.75,
    "center_y": 601.8000000000001
  },
  "cell_4_2": {
    "row": 4,
    "col": 2,
    "x": 601.0,
    "y": 551.6,
    "width": 250.5,
    "height": 100.4,
    "center_x": 726.25,
    "center_y": 601.8000000000001
  },
  "cell_4_3": {
    "row": 4,
    "col": 3,
    "x": 851.5,
    "y": 551.6,
    "width": 250.5,
    "height": 100.4,
    "center_x": 976.75,
    "center_y": 601.8000000000001
  }
}